machine_id,production_count,defective_count,downtime_minutes,yield_pct
MCH_02,9910,247,14.577777777777778,97.52166666666668
MCH_03,9901,252,15.933333333333334,97.43744444444445
MCH_04,9760,254,15.366666666666667,97.41155555555557
MCH_01,9734,256,14.944444444444445,97.36899999999999
MCH_05,9480,242,15.277777777777779,97.45877777777778
